{"_step":18,"train/loss":8.549691915512085,"_wandb":{"runtime":24},"_runtime":24.657749333,"train/elapsed_time":0.9582347869873047,"_timestamp":1.756974715273464e+09}