{"train/elapsed_time":0.9459033012390137,"_timestamp":1.756975232297309e+09,"_step":10,"_wandb":{"runtime":16},"_runtime":16.564202584,"train/loss":8.877125978469849}