{"_step":10,"_wandb":{"runtime":16},"_runtime":16.3639275,"train/loss":8.84709119796753,"train/elapsed_time":0.9398119449615479,"_timestamp":1.756975274273159e+09}