{"train/loss":8.614664554595947,"train/elapsed_time":0.9508740901947021,"_timestamp":1.756975929132298e+09,"_step":19,"_wandb":{"runtime":26},"_runtime":26.639412875}