{"_timestamp":1.7569776308202271e+09,"_wandb":{"runtime":1119},"_runtime":1119.532797833,"_step":446,"train/loss":6.257174491882324,"train/elapsed_time":2.4500370025634766}