{"_step":100,"_wandb":{"runtime":122},"_runtime":122.11385875,"train/loss":6.520658254623413,"train/elapsed_time":0.9490821361541748,"_timestamp":1.756975643594433e+09}