{"_runtime":23.229095334,"train/loss":8.675252676010132,"train/elapsed_time":0.9388742446899414,"_timestamp":1.7569751683186e+09,"_step":16,"_wandb":{"runtime":23}}