{"_wandb":{"runtime":16},"_runtime":16.072612542,"train/loss":8.830440521240234,"train/elapsed_time":0.9369311332702637,"_timestamp":1.7569754635620701e+09,"_step":10}