{"_runtime":16.777177459,"train/loss":8.832678318023682,"train/elapsed_time":0.954780101776123,"_timestamp":1.7569758109938612e+09,"_step":10,"_wandb":{"runtime":16}}