{"_runtime":60.683376833,"train/loss":7.417655348777771,"train/elapsed_time":0.9518411159515381,"_timestamp":1.756974784296618e+09,"_step":56,"_wandb":{"runtime":60}}