{"_wandb":{"runtime":16},"_runtime":16.025854208,"train/elapsed_time":0.9367568492889404,"_timestamp":1.756975500226633e+09,"_step":10,"train/loss":8.847479343414307}