{"_timestamp":1.756974957551031e+09,"_step":100,"_wandb":{"runtime":121},"_runtime":121.568285708,"train/loss":6.500420451164246,"train/elapsed_time":0.9443769454956055}