{"train/loss":8.570338249206543,"train/elapsed_time":0.9416131973266602,"_timestamp":1.7569752025435698e+09,"_step":18,"_wandb":{"runtime":24},"_runtime":24.309162125}